"Rank","Player","ATT","YDS","Y/A","LG","20+","TD","REC","TGT","YDS","Y/R","TD","FL","G","FPTS","FPTS/G","ROST"
"1","Jonathan Taylor (IND)","332","1,811","5.5","83","0","18","40","51","360","9.0","2","2","17","373.1","21.9","99.9%"
"2","Austin Ekeler (LAC)","206","911","4.4","28","0","12","70","94","647","9.2","8","3","16","343.8","21.5","99.9%"
"3","Najee Harris (PIT)","307","1,200","3.9","37","0","7","74","94","467","6.3","3","0","17","300.7","17.7","99.8%"
"4","Joe Mixon (CIN)","292","1,205","4.1","32","0","13","42","48","314","7.5","3","1","16","287.9","18.0","99.8%"
"5","James Conner (ARI)","202","752","3.7","35","0","15","37","39","375","10.1","3","0","15","257.7","17.2","98.9%"
"6","Leonard Fournette (TB)","180","812","4.5","47","0","8","69","84","454","6.6","2","0","14","255.6","18.3","99.7%"
"7","Ezekiel Elliott (DAL)","237","1,002","4.2","47","0","10","47","65","287","6.1","2","1","17","252.1","14.8","97.4%"
"8","Alvin Kamara (NO)","240","898","3.7","30","0","4","47","67","439","9.3","5","0","13","234.7","18.1","99.8%"
"9","Cordarrelle Patterson (ATL)","153","618","4.0","39","0","6","52","69","548","10.5","5","0","16","234.6","14.7","93.2%"
"10","Antonio Gibson (WAS)","258","1,037","4.0","27","0","7","42","52","294","7.0","3","4","16","229.1","14.3","98.3%"
"11","Aaron Jones (GB)","171","799","4.7","57","0","4","52","65","391","7.5","6","1","15","229.0","15.3","99.6%"
"12","Josh Jacobs (LV)","217","872","4.0","28","0","9","54","64","348","6.4","0","2","15","226.0","15.1","97.8%"
"13","Nick Chubb (CLE)","228","1,259","5.5","70","0","8","20","25","174","8.7","1","1","14","215.3","15.4","99.4%"
"14","Damien Harris (NE)","202","929","4.6","64","0","15","18","20","132","7.3","0","2","15","210.1","14.0","91.4%"
"15","D'Andre Swift (DET)","151","617","4.1","57","0","5","62","78","452","7.3","2","1","13","208.9","16.1","99.6%"
"16","Dalvin Cook (MIN)","249","1,159","4.7","66","0","6","34","49","224","6.6","0","2","13","206.3","15.9","99.9%"
"17","Javonte Williams (DEN)","203","903","4.4","49","0","4","43","53","316","7.3","3","1","17","204.9","12.1","99.4%"
"18","Devin Singletary (BUF)","188","870","4.6","46","0","7","40","50","228","5.7","1","0","17","197.8","11.6","92.2%"
"19","David Montgomery (CHI)","225","849","3.8","41","0","7","42","51","301","7.2","0","1","14","196.0","14.0","98.3%"
"20","Darrel Williams (FA)","144","558","3.9","21","0","6","47","57","452","9.6","2","0","17","196.0","11.5","3.7%"
"21","Melvin Gordon III (DEN)","203","918","4.5","70","0","8","28","38","213","7.6","2","3","16","195.2","12.2","85.8%"
"22","Derrick Henry (TEN)","219","937","4.3","76","0","10","18","20","154","8.6","0","0","8","193.3","24.2","99.9%"
"23","AJ Dillon (GB)","187","803","4.3","36","0","5","34","37","313","9.2","2","1","17","185.6","10.9","90.0%"
"24","James Robinson (JAC)","164","767","4.7","58","0","8","31","46","222","7.2","0","2","14","173.9","12.4","82.0%"
"25","Myles Gaskin (MIA)","173","612","3.5","30","0","3","49","63","234","4.8","4","1","17","173.6","10.2","15.4%"
"26","Elijah Mitchell (SF)","207","963","4.7","39","0","5","19","20","137","7.2","1","0","12","165.0","13.8","93.6%"
"27","Darrell Henderson Jr. (LAR)","149","688","4.6","29","0","5","29","40","176","6.1","3","0","12","163.4","13.6","56.7%"
"28","Tony Pollard (DAL)","130","719","5.5","58","0","2","39","46","337","8.6","0","0","15","162.6","10.8","90.6%"
"29","Michael Carter (NYJ)","147","639","4.3","55","0","4","36","55","325","9.0","0","1","14","154.4","11.0","90.5%"
"30","Saquon Barkley (NYG)","162","593","3.7","41","0","2","41","57","263","6.4","2","1","14","148.6","10.6","98.4%"
"31","Devonta Freeman (FA)","133","576","4.3","32","0","5","34","42","190","5.6","1","0","16","146.6","9.2","0.8%"
"32","Sony Michel (MIA)","208","845","4.1","39","0","4","21","33","128","6.1","1","1","17","146.3","8.6","28.8%"
"33","Devontae Booker (FA)","145","593","4.1","31","0","2","40","45","268","6.7","1","0","16","144.1","9.0","0.4%"
"34","Chase Edmonds (MIA)","116","592","5.1","54","0","2","43","53","311","7.2","0","1","12","143.3","11.9","89.1%"
"35","Mike Davis (BAL)","138","503","3.6","18","0","3","44","58","259","5.9","1","3","17","138.2","8.1","1.9%"
"36","Chuba Hubbard (CAR)","172","612","3.6","26","0","5","25","37","174","7.0","1","1","16","137.6","8.6","10.8%"
"37","J.D. McKissic (WAS)","48","212","4.4","15","0","2","43","53","397","9.2","2","0","11","127.9","11.6","64.3%"
"38","Christian McCaffrey (CAR)","99","442","4.5","18","0","1","37","41","343","9.3","1","0","7","127.5","18.2","99.8%"
"39","Alexander Mattison (MIN)","134","491","3.7","48","0","3","32","39","228","7.1","1","1","16","125.9","7.9","67.1%"
"40","Brandon Bolden (LV)","44","226","5.1","24","0","1","41","49","405","9.9","2","0","16","124.1","7.8","0.7%"
"41","Kenneth Gainwell (PHI)","68","291","4.3","18","0","5","33","50","253","7.7","1","1","16","123.4","7.7","35.2%"
"42","Rashaad Penny (SEA)","119","749","6.3","62","0","6","6","8","48","8.0","0","0","10","121.7","12.2","88.5%"
"43","Jamaal Williams (DET)","153","601","3.9","20","0","3","26","28","157","6.0","0","0","13","119.8","9.2","44.3%"
"44","Miles Sanders (PHI)","137","754","5.5","38","0","0","26","34","158","6.1","0","1","12","117.2","9.8","92.2%"
"45","Ty Johnson (NYJ)","61","238","3.9","24","0","2","34","55","372","10.9","2","1","15","117.0","7.8","1.0%"
"46","Clyde Edwards-Helaire (KC)","119","517","4.3","17","0","4","19","23","118","6.2","2","2","10","116.5","11.7","92.5%"
"47","Rhamondre Stevenson (NE)","133","606","4.6","21","0","5","14","18","123","8.8","0","1","12","114.9","9.6","83.2%"
"48","Nyheim Hines (IND)","56","276","4.9","34","0","2","40","57","310","7.8","1","2","17","112.6","6.6","53.2%"
"49","Kareem Hunt (CLE)","78","386","4.9","33","0","5","22","27","174","7.9","0","0","8","110.0","13.8","90.4%"
"50","Mark Ingram II (NO)","160","554","3.5","28","0","2","27","35","162","6.0","0","1","14","108.6","7.8","6.8%"
"51","Zack Moss (BUF)","96","345","3.6","17","0","4","23","32","197","8.6","1","1","13","105.2","8.1","2.3%"
"52","Rex Burkhead (HOU)","122","427","3.5","36","0","3","25","32","186","7.4","0","0","15","104.3","7.0","6.9%"
"53","D'Ernest Johnson (CLE)","100","534","5.3","30","0","3","19","25","137","7.2","0","0","13","104.1","8.0","7.3%"
"54","Latavius Murray (FA)","119","501","4.2","46","0","6","10","13","75","7.5","0","0","14","103.6","7.4","0.8%"
"55","Kenyan Drake (LV)","63","254","4.0","21","0","2","30","40","291","9.7","1","0","12","102.5","8.5","11.1%"
"56","Boston Scott (PHI)","87","373","4.3","23","0","7","13","16","83","6.4","0","1","11","98.6","9.0","2.4%"
"57","D'Onta Foreman (CAR)","133","566","4.3","35","0","3","9","11","123","13.7","0","1","9","93.9","10.4","26.5%"
"58","Ameer Abdullah (LV)","51","166","3.3","15","0","0","38","53","289","7.6","1","0","17","89.5","5.3","0.8%"
"59","Justin Jackson (FA)","68","364","5.4","75","0","2","22","25","178","8.1","0","1","14","86.2","6.2","0.8%"
"60","Samaje Perine (CIN)","55","246","4.5","46","0","1","27","31","196","7.3","1","0","15","83.2","5.5","2.9%"
"61","David Johnson (FA)","67","228","3.4","15","0","0","32","42","225","7.0","1","1","13","81.3","6.3","0.8%"
"62","Ronald Jones II (KC)","101","428","4.2","30","0","4","10","13","64","6.4","0","2","15","79.2","5.3","86.0%"
"63","Khalil Herbert (CHI)","103","433","4.2","29","0","2","14","16","96","6.9","0","0","16","78.9","4.9","16.9%"
"64","Kyle Juszczyk (SF)","8","22","2.8","6","0","1","30","38","296","9.9","1","0","15","73.8","4.9","0.8%"
"65","Jeremy McNichols (FA)","41","156","3.8","14","0","0","28","38","240","8.6","1","0","13","73.6","5.7","3.6%"
"66","Dontrell Hilliard (TEN)","56","350","6.3","68","0","2","19","26","87","4.6","0","1","8","72.7","9.1","3.0%"
"67","Alex Collins (FA)","108","411","3.8","25","0","2","9","10","87","9.7","0","1","11","68.8","6.3","9.6%"
"68","Jordan Howard (FA)","86","406","4.7","25","0","3","2","5","19","9.5","0","0","7","62.5","8.9","0.3%"
"69","Travis Homer (SEA)","21","177","8.4","73","0","1","16","20","161","10.1","0","0","14","61.8","4.4","0.2%"
"70","Damien Williams (ATL)","40","164","4.1","23","0","2","16","23","103","6.4","1","0","12","60.7","5.1","1.5%"
"71","DeeJay Dallas (SEA)","33","138","4.2","15","0","2","21","23","133","6.3","0","0","17","60.1","3.5","0.6%"
"72","Giovani Bernard (TB)","8","58","7.3","24","0","0","23","29","123","5.3","3","0","10","59.1","5.9","0.9%"
"73","Duke Johnson Jr. (BUF)","71","330","4.6","27","0","3","4","5","41","10.3","0","0","5","59.1","11.8","2.0%"
"74","Derrick Gore (KC)","51","256","5.0","51","0","2","8","9","105","13.1","0","0","8","56.1","7.0","0.9%"
"75","Jaret Patterson (WAS)","68","266","3.9","13","0","2","10","12","73","7.3","0","0","14","55.9","4.0","0.7%"
"76","Tevin Coleman (NYJ)","84","356","4.2","20","0","0","11","16","49","4.5","0","0","11","51.5","4.7","0.9%"
"77","Jeff Wilson Jr. (SF)","79","294","3.7","17","0","2","7","8","31","4.4","0","0","9","51.5","5.7","1.3%"
"78","Demetric Felton Jr. (CLE)","7","24","3.4","12","0","0","18","21","181","10.1","2","0","15","50.5","3.4","0.3%"
"79","Dare Ogunbowale (HOU)","43","137","3.2","12","0","1","13","21","114","8.8","1","0","13","50.1","3.9","0.6%"
"80","Peyton Barber (FA)","55","212","3.9","27","0","2","10","13","67","6.7","0","0","10","49.9","5.0","0.6%"
"81","Chris Evans (CIN)","17","77","4.5","13","0","0","15","17","151","10.1","2","0","9","49.8","5.5","1.2%"
"82","JaMycal Hasty (SF)","16","68","4.3","21","0","1","23","29","157","6.8","0","1","11","49.5","4.5","0.5%"
"83","Chris Carson (SEA)","54","232","4.3","33","0","3","6","6","29","4.8","0","1","4","48.1","12.0","36.7%"
"84","Carlos Hyde (FA)","72","253","3.5","18","0","1","12","22","65","5.4","0","2","12","45.8","3.8","0.2%"
"85","Phillip Lindsay (IND)","88","249","2.8","35","0","1","4","5","45","11.3","1","0","14","45.4","3.2","0.8%"
"86","Matt Breida (NYG)","26","125","4.8","28","0","1","7","9","72","10.3","2","1","7","42.7","6.1","1.3%"
"87","Ty'Son Williams (BAL)","35","185","5.3","35","0","1","9","12","84","9.3","0","0","8","41.9","5.2","0.7%"
"88","Salvon Ahmed (MIA)","54","149","2.8","16","0","0","12","19","117","9.8","0","0","11","38.6","3.5","0.3%"
"89","Le'Veon Bell (FA)","39","101","2.6","12","0","2","5","7","30","6.0","1","0","8","38.1","4.8","0.3%"
"90","Ke'Shawn Vaughn (TB)","36","180","5.0","55","0","2","4","8","26","6.5","0","0","6","36.6","6.1","3.4%"
"91","Jerick McKinnon (FA)","12","62","5.2","18","0","0","13","20","107","8.2","1","0","9","35.9","4.0","7.6%"
"92","Elijhaa Penny (FA)","24","99","4.1","12","0","1","9","13","30","3.3","1","0","13","35.9","2.8","0.0%"
"93","Craig Reynolds (DET)","55","230","4.2","35","0","0","7","8","52","7.4","0","0","5","35.2","7.0","0.4%"
"94","Royce Freeman (HOU)","56","169","3.0","13","0","0","10","16","77","7.7","0","0","12","34.6","2.9","0.5%"
"95","C.J. Ham (MIN)","7","34","4.9","30","0","0","17","18","125","7.4","0","0","15","32.9","2.2","0.1%"
"96","James White (NE)","10","38","3.8","10","0","1","12","14","94","7.8","0","0","3","31.2","10.4","14.3%"
"97","Ty Montgomery (NE)","15","44","2.9","9","0","0","16","26","95","5.9","0","0","14","29.9","2.1","0.1%"
"98","Corey Clement (FA)","33","140","4.2","38","0","0","6","7","29","4.8","1","0","11","28.9","2.6","1.0%"
"99","Trey Sermon (SF)","41","167","4.1","16","0","1","3","4","26","8.7","0","0","6","28.3","4.7","9.9%"
"100","Eno Benjamin (ARI)","34","118","3.5","21","0","1","6","7","42","7.0","0","0","8","28.0","3.5","1.4%"
"101","Adrian Peterson (FA)","38","98","2.6","16","0","2","4","4","8","2.0","0","0","4","26.6","6.7","2.1%"
"102","Jermar Jefferson (DET)","15","74","4.9","28","0","2","4","5","23","5.8","0","0","5","25.7","5.1","0.7%"
"103","Alec Ingold (MIA)","2","1","0.5","1","0","0","10","12","85","8.5","1","0","7","24.6","3.5","0.1%"
"104","Jalen Richard (FA)","9","40","4.4","23","0","0","12","14","72","6.0","0","0","9","23.2","2.6","0.6%"
"105","Kene Nwangwu (MIN)","13","61","4.7","19","0","0","4","5","9","2.3","0","0","9","23.0","2.6","0.7%"
"106","Malcolm Brown (MIA)","33","125","3.8","24","0","1","3","5","10","3.3","0","0","6","22.5","3.8","0.1%"
"107","Tony Jones Jr. (NO)","54","142","2.6","11","0","0","5","8","29","5.8","0","0","10","22.1","2.2","0.8%"
"108","Patrick Ricard (BAL)","2","4","2.0","2","0","0","8","13","63","7.9","1","0","8","20.7","2.6","0.1%"
"109","Jonathan Williams (WAS)","17","79","4.6","23","0","1","4","6","28","7.0","0","0","5","20.7","4.1","0.1%"
"110","Qadree Ollison (ATL)","21","105","5.0","19","0","1","4","6","12","3.0","0","1","6","19.7","3.3","0.1%"
"111","Austin Walter (FA)","26","101","3.9","14","0","1","2","3","9","4.5","0","0","4","19.0","4.8","0.1%"
"112","J.J. Taylor (NE)","19","37","1.9","15","0","2","4","4","8","2.0","0","1","5","18.5","3.7","0.4%"
"113","Godwin Igwebuike (DET)","18","118","6.6","42","0","1","7","10","60","8.6","0","2","15","18.0","1.2","0.6%"
"114","Keith Smith (ATL)","9","31","3.4","8","0","0","9","10","56","6.2","0","0","13","17.7","1.4","0.0%"
"115","Patrick Taylor Jr. (GB)","23","89","3.9","12","0","1","2","2","3","1.5","0","0","5","17.2","3.4","0.1%"
"116","Joshua Kelley (LAC)","33","102","3.1","14","0","0","5","6","38","7.6","0","1","8","17.0","2.1","0.8%"
"117","Larry Rountree III (LAC)","36","87","2.4","13","0","1","1","2","-1","-1.0","0","0","10","15.6","1.6","0.7%"
"118","Michael Burton (KC)","8","26","3.3","7","0","1","3","3","31","10.3","0","0","10","14.7","1.5","0.1%"
"119","Wayne Gallman Jr. (FA)","28","104","3.7","17","0","0","1","3","21","21.0","0","0","9","13.5","1.5","0.1%"
"120","Benny Snell Jr. (PIT)","36","98","2.7","9","0","0","2","4","13","6.5","0","0","16","13.1","0.8","1.0%"
"121","Marlon Mack (HOU)","28","101","3.6","22","0","0","2","5","8","4.0","0","0","6","12.9","2.2","28.3%"
"122","Ryquell Armstead (JAC)","15","80","5.3","26","0","0","3","4","16","5.3","0","0","2","12.6","6.3","0.2%"
"123","Andy Janovich (HOU)","2","0","0.0","1","0","1","3","4","9","3.0","0","0","6","11.9","2.0","0.0%"
"124","Rodney Smith (FA)","0","0","0","0","0","0","5","5","48","9.6","0","0","1","9.8","9.8","0.0%"
"125","Jonathan Ward (ARI)","9","33","3.7","7","0","0","3","4","34","11.3","0","0","9","9.7","1.1","0.3%"
"126","Johnny Stanton (CLE)","3","5","1.7","3","0","0","2","2","7","3.5","1","0","3","9.2","3.1","0.0%"
"127","Alex Armah Jr. (WAS)","5","21","4.2","9","0","0","1","1","1","1.0","1","0","10","9.2","0.9","0.1%"
"128","Deon Jackson (IND)","13","31","2.4","10","0","1","0","0","0","0","0","0","5","9.1","1.8","0.4%"
"129","JaQuan Hardy (DAL)","4","29","7.3","22","0","1","0","0","0","0","0","0","2","8.9","4.5","0.1%"
"130","Wendell Smallwood (FA)","5","25","5.0","13","0","0","4","5","22","5.5","0","0","2","8.7","4.4","0.0%"
"131","Jakob Johnson (LV)","0","0","0","0","0","0","4","5","43","10.8","0","0","7","8.3","1.2","0.1%"
"132","Mike Boone (DEN)","4","35","8.8","16","0","0","2","2","22","11.0","0","0","3","7.7","2.6","0.9%"
"133","Trayveon Williams (CIN)","15","51","3.4","10","0","0","1","2","4","4.0","0","0","4","6.5","1.6","0.1%"
"134","Kalen Ballage (FA)","12","36","3.0","13","0","0","2","7","8","4.0","0","0","9","6.4","0.7","0.1%"
"135","Ito Smith (FA)","1","4","4.0","4","0","1","0","0","0","0","0","0","1","6.4","6.4","0.0%"
"136","Reggie Gilliam (BUF)","3","3","1.0","2","0","0","3","5","23","7.7","0","0","8","5.6","0.7","0.1%"
"137","Gabe Nabers (LAC)","3","8","2.7","4","0","0","3","3","17","5.7","0","0","7","5.5","0.8","0.1%"
"138","Jaylen Samuels (ARI)","5","9","1.8","3","0","0","3","4","14","4.7","0","0","3","5.3","1.8","0.1%"
"139","Adam Prentice (NO)","3","5","1.7","2","0","0","3","3","16","5.3","0","0","5","5.1","1.0","0.1%"
"140","Jason Huntley (PHI)","13","51","3.9","18","0","0","0","1","0","0","0","0","1","5.1","5.1","0.1%"
"141","Patrick Laird (MIA)","1","4","4.0","4","0","0","3","3","17","5.7","0","0","3","5.1","1.7","0.0%"
"142","Dwayne Washington (NO)","4","16","4.0","5","0","0","2","2","12","6.0","0","0","8","4.8","0.6","0.1%"
"143","Derek Watt (PIT)","1","1","1.0","1","0","0","3","3","15","5.0","0","0","11","4.6","0.4","0.2%"
"144","Cam Akers (LAR)","5","3","0.6","2","0","0","3","3","10","3.3","0","0","2","4.3","2.2","98.2%"
"145","Scottie Phillips (FA)","6","13","2.2","4","0","0","2","3","9","4.5","0","0","3","4.2","1.4","0.0%"
"146","Kylin Hill (GB)","10","24","2.4","8","0","0","1","2","5","5.0","0","0","8","3.9","0.5","0.4%"
"147","Darrynton Evans (CHI)","2","7","3.5","5","0","0","2","2","11","5.5","0","0","2","3.8","1.9","0.4%"
"148","Reggie Bonnafon (WAS)","1","4","4.0","4","0","0","2","2","12","6.0","0","0","1","3.6","3.6","0.0%"
"149","Trey Ragas (FA)","1","9","9.0","9","0","0","2","2","6","3.0","0","0","1","3.5","3.5","0.0%"
"150","La'Mical Perine (NYJ)","8","31","3.9","14","0","0","0","0","0","0","0","0","2","3.1","1.6","0.1%"
"151","Nick Bawden (NYJ)","0","0","0","0","0","0","1","1","20","20.0","0","0","1","3.0","3.0","0.0%"
"152","Anthony McFarland Jr. (PIT)","3","3","1.0","3","0","0","1","1","11","11.0","0","0","3","2.4","0.8","0.3%"
"153","Raheem Mostert (MIA)","2","20","10.0","11","0","0","0","0","0","0","0","0","1","2.0","2.0","76.2%"
"154","Gary Brightwell (NYG)","1","4","4.0","4","0","0","1","1","6","6.0","0","0","7","2.0","0.3","0.4%"
"155","Ryan Nall (DAL)","1","4","4.0","4","0","0","1","1","4","4.0","0","0","5","1.8","0.4","0.1%"
"156","Devine Ozigbo (NO)","1","-3","-3.0","0","0","0","1","1","7","7.0","0","0","2","1.4","0.7","0.0%"
"157","John Kelly (CLE)","2","13","6.5","11","0","0","0","0","0","0","0","0","1","1.3","1.3","0.1%"
"158","Jacques Patrick (FA)","2","12","6.0","8","0","0","0","0","0","0","0","0","1","1.2","1.2","0.1%"
"159","Buddy Howell (LAR)","5","11","2.2","4","0","0","0","0","0","0","0","0","5","1.1","0.2","0.0%"
"160","Mekhi Sargent (JAC)","5","11","2.2","3","0","0","0","1","0","0","0","0","5","1.1","0.2","0.1%"
"161","Khari Blasingame (CHI)","3","6","2.0","3","0","0","2","2","4","2.0","0","1","5","1.0","0.2","0.1%"
"162","Damarea Crockett (DEN)","3","7","2.3","6","0","0","0","0","0","0","0","0","1","0.7","0.7","0.1%"
"163","Jake Funk (LAR)","2","5","2.5","6","0","0","0","0","0","0","0","0","5","0.5","0.1","0.6%"
"164","Nathan Cottrell (JAC)","1","3","3.0","3","0","0","0","0","0","0","0","0","3","0.3","0.1","0.0%"
"165","Raheem Blackshear (BUF)","0","0","0","0","0","0","0","0","0","0","0","0","0","0","0","0.0%"
"166","CJ Verdell (IND)","0","0","0","0","0","0","0","0","0","0","0","0","0","0","0","0.0%"
"167","Jake Bargas (MIN)","0","0","0","0","0","0","0","0","0","0","0","0","0","0","0","0.0%"
"168","Josh Hokit (SF)","0","0","0","0","0","0","0","0","0","0","0","0","0","0","0","0.0%"
"169","Zamir White (LV)","0","0","0","0","0","0","0","0","0","0","0","0","0","0","0","5.7%"
"170","Pooka Williams Jr. (CIN)","0","0","0","0","0","0","0","0","0","0","0","0","1","0.0","0.0","0.0%"
"171","Brian Robinson Jr. (WAS)","0","0","0","0","0","0","0","0","0","0","0","0","0","0","0","9.8%"
"172","Kennedy Brooks (PHI)","0","0","0","0","0","0","0","0","0","0","0","0","0","0","0","0.0%"
"173","Sandro Platzgummer (NYG)","0","0","0","0","0","0","0","0","0","0","0","0","3","0.0","0.0","0.0%"
"174","Aca'Cedric Ware (TB)","0","0","0","0","0","0","0","0","0","0","0","0","0","0","0","0.0%"
"175","Justice Hill (BAL)","0","0","0","0","0","0","0","0","0","0","0","0","0","0","0","0.2%"
"176","Elijah Holyfield (CIN)","0","0","0","0","0","0","0","0","0","0","0","0","0","0","0","0.1%"
"177","Trevon Wesco (NYJ)","0","0","0","0","0","0","3","5","35","11.7","0","0","8","0.0","0.0","0.0%"
"178","Mike Weber (NYG)","0","0","0","0","0","0","0","0","0","0","0","0","0","0","0","0.0%"
"179","Darwin Thompson (SEA)","0","0","0","0","0","0","0","0","0","0","0","0","2","0.0","0.0","0.1%"
"180","Sutton Smith (FA)","0","0","0","0","0","0","0","0","0","0","0","0","1","0.0","0.0","0.0%"
"181","Cullen Gillaspia (FA)","0","0","0","0","0","0","0","0","0","0","0","0","4","0.0","0.0","0.0%"
"182","Artavis Pierce (FA)","0","0","0","0","0","0","0","0","0","0","0","0","1","0.0","0.0","0.0%"
"183","Rico Dowdle (DAL)","0","0","0","0","0","0","0","0","0","0","0","0","0","0","0","0.2%"
"184","Sewo Olonilua (FA)","0","0","0","0","0","0","0","0","0","0","0","0","1","0.0","0.0","0.0%"
"185","Pete Guerriero (PIT)","0","0","0","0","0","0","0","0","0","0","0","0","0","0","0","0.0%"
"186","Giovanni Ricci (CAR)","0","0","0","0","0","0","0","2","0","0","0","0","9","0.0","0.0","0.0%"
"187","Antonio Williams (NYG)","0","0","0","0","0","0","0","0","0","0","0","0","0","0","0","0.2%"
"188","Darius Bradwell (CAR)","0","0","0","0","0","0","0","1","0","0","0","0","2","0.0","0.0","0.0%"
"189","Andrew Beck (DEN)","0","0","0","0","0","0","0","0","0","0","0","0","1","0.0","0.0","0.1%"
"190","John Lovett (MIA)","0","0","0","0","0","0","0","0","0","0","0","0","0","0","0","0.0%"
"191","Ty Chandler (MIN)","0","0","0","0","0","0","0","0","0","0","0","0","0","0","0","0.4%"
"192","Michael Warren II (DET)","0","0","0","0","0","0","0","0","0","0","0","0","0","0","0","0.0%"
"193","Darius Anderson (HOU)","0","0","0","0","0","0","0","0","0","0","0","0","0","0","0","0.0%"
"194","Caleb Huntley (ATL)","0","0","0","0","0","0","0","0","0","0","0","0","0","0","0","0.0%"
"195","LeVante Bellamy (FA)","0","0","0","0","0","0","0","0","0","0","0","0","1","0.0","0.0","0.0%"
"196","J.K. Dobbins (BAL)","0","0","0","0","0","0","0","0","0","0","0","0","1","0.0","0.0","95.9%"
"197","Travis Etienne Jr. (JAC)","0","0","0","0","0","0","0","0","0","0","0","0","0","0","0","92.5%"
"198","Isaiah Spiller (LAC)","0","0","0","0","0","0","0","0","0","0","0","0","0","0","0","29.4%"
"199","Kevin Harris (NE)","0","0","0","0","0","0","0","0","0","0","0","0","0","0","0","0.2%"
"200","Keaontay Ingram (ARI)","0","0","0","0","0","0","0","0","0","0","0","0","0","0","0","1.0%"
"201","Gerrid Doaks (MIA)","0","0","0","0","0","0","0","0","0","0","0","0","4","0.0","0.0","0.0%"
"202","B.J. Emmons (FA)","0","0","0","0","0","0","0","0","0","0","0","0","1","0.0","0.0","0.0%"
"203","Nick Ralston (DAL)","0","0","0","0","0","0","0","0","0","0","0","0","1","0.0","0.0","0.1%"
"204","A.J. Rose Jr. (MIN)","0","0","0","0","0","0","0","0","0","0","0","0","0","0","0","0.0%"
"205","Tory Carter (TEN)","0","0","0","0","0","0","0","1","0","0","0","0","5","0.0","0.0","0.0%"
"206","Ben Mason (BAL)","0","0","0","0","0","0","0","0","0","0","0","0","0","0","0","1.0%"
"207","Spencer Brown (CAR)","0","0","0","0","0","0","0","0","0","0","0","0","1","0.0","0.0","0.0%"
"208","Sincere McCormick (LV)","0","0","0","0","0","0","0","0","0","0","0","0","0","0","0","0.0%"
"209","Josh Johnson (SEA)","0","0","0","0","0","0","0","0","0","0","0","0","1","0.0","0.0","0.0%"
"210","Tyrion Davis-Price (SF)","0","0","0","0","0","0","0","0","0","0","0","0","0","0","0","7.9%"
"211","Breece Hall (NYJ)","0","0","0","0","0","0","0","0","0","0","0","0","0","0","0","89.0%"
"212","Tyler Goodson (GB)","0","0","0","0","0","0","0","0","0","0","0","0","0","0","0","0.0%"
"213","Jordan Mason (SF)","0","0","0","0","0","0","0","0","0","0","0","0","0","0","0","0.0%"
"214","James Cook (BUF)","0","0","0","0","0","0","0","0","0","0","0","0","0","0","0","73.3%"
"215","Kyren Williams (LAR)","0","0","0","0","0","0","0","0","0","0","0","0","0","0","0","0.9%"
"216","Ken Walker III (SEA)","0","0","0","0","0","0","0","0","0","0","0","0","0","0","0","72.9%"
"217","Zonovan Knight (NYJ)","0","0","0","0","0","0","0","0","0","0","0","0","0","0","0","0.1%"
"218","Ricky Person Jr. (BAL)","0","0","0","0","0","0","0","0","0","0","0","0","0","0","0","0.0%"
"219","Jerrion Ealy (KC)","0","0","0","0","0","0","0","0","0","0","0","0","0","0","0","0.0%"
"220","Snoop Conner (JAC)","0","0","0","0","0","0","0","0","0","0","0","0","0","0","0","1.0%"
"221","Dameon Pierce (HOU)","0","0","0","0","0","0","0","0","0","0","0","0","0","0","0","46.1%"
"222","Isaih Pacheco (KC)","0","0","0","0","0","0","0","0","0","0","0","0","0","0","0","0.7%"
"223","Kevin Marks Jr. (LAC)","0","0","0","0","0","0","0","0","0","0","0","0","0","0","0","0.0%"
"224","Zonovan Knight (NYJ)","0","0","0","0","0","0","0","0","0","0","0","0","0","0","0","0.0%"
"225","Aaron Shampklin (DAL)","0","0","0","0","0","0","0","0","0","0","0","0","0","0","0","0.0%"
"226","Shermari Jones (CIN)","0","0","0","0","0","0","0","0","0","0","0","0","0","0","0","0.0%"
"227","Tyreik McAllister (DEN)","0","0","0","0","0","0","0","0","0","0","0","0","0","0","0","0.0%"
"228","Julius Chestnut (TEN)","0","0","0","0","0","0","0","0","0","0","0","0","0","0","0","0.0%"
"229","ZaQuandre White (MIA)","0","0","0","0","0","0","0","0","0","0","0","0","0","0","0","0.0%"
"230","BJ Baylor (GB)","0","0","0","0","0","0","0","0","0","0","0","0","0","0","0","0.0%"
"231","John Lovett (CAR)","0","0","0","0","0","0","0","0","0","0","0","0","0","0","0","0.0%"
"232","Brittain Brown (LV)","0","0","0","0","0","0","0","0","0","0","0","0","0","0","0","0.6%"
"233","Connor Heyward (PIT)","0","0","0","0","0","0","0","0","0","0","0","0","0","0","0","0.2%"
"234","Tyler Badie (BAL)","0","0","0","0","0","0","0","0","0","0","0","0","0","0","0","0.8%"
"235","Hassan Haskins (TEN)","0","0","0","0","0","0","0","0","0","0","0","0","0","0","0","1.2%"
"236","Abram Smith (NO)","0","0","0","0","0","0","0","0","0","0","0","0","0","0","0","0.0%"
"237","Rachaad White (TB)","0","0","0","0","0","0","0","0","0","0","0","0","0","0","0","28.3%"
"238","D'Vonte Price (IND)","0","0","0","0","0","0","0","0","0","0","0","0","0","0","0","0.0%"
"239","Jeremiah Hall (NYG)","0","0","0","0","0","0","0","0","0","0","0","0","0","0","0","0.0%"
"240","Bryant Koback (MIN)","0","0","0","0","0","0","0","0","0","0","0","0","0","0","0","0.0%"
"241","Jaylen Warren (PIT)","0","0","0","0","0","0","0","0","0","0","0","0","0","0","0","0.0%"
"242","De'Montre Tuggle (CHI)","0","0","0","0","0","0","0","0","0","0","0","0","0","0","0","0.0%"
"243","Malik Davis (DAL)","0","0","0","0","0","0","0","0","0","0","0","0","0","0","0","0.0%"
"244","Greg Bell (DET)","0","0","0","0","0","0","0","0","0","0","0","0","0","0","0","0.0%"
"245","Pierre Strong Jr. (NE)","0","0","0","0","0","0","0","0","0","0","0","0","0","0","0","1.0%"
"246","Mataeo Durant (PIT)","0","0","0","0","0","0","0","0","0","0","0","0","0","0","0","0.0%"
"247","Tyler Allgeier (ATL)","0","0","0","0","0","0","0","0","0","0","0","0","0","0","0","34.2%"
"248","Tayon Fleet-Davis (KC)","0","0","0","0","0","0","0","0","0","0","0","0","0","0","0","0.0%"
"249","Trestan Ebner (CHI)","0","0","0","0","0","0","0","0","0","0","0","0","0","0","0","0.1%"
"250","TJ Pledger (ARI)","0","0","0","0","0","0","0","0","0","0","0","0","0","0","0","0.0%"
"251","Ronnie Rivers (ARI)","0","0","0","0","0","0","0","0","0","0","0","0","0","0","0","1.0%"
"252","Leddie Brown (LAC)","0","0","0","0","0","0","0","0","0","0","0","0","0","0","0","0.0%"
"253","Zander Horvath (LAC)","0","0","0","0","0","0","0","0","0","0","0","0","0","0","0","0.0%"
"254","Jashaun Corbin (NYG)","0","0","0","0","0","0","0","0","0","0","0","0","0","0","0","0.0%"
"255","Jerome Ford (CLE)","0","0","0","0","0","0","0","0","0","0","0","0","0","0","0","0.5%"
"256","Javian Hawkins (TEN)","0","0","0","0","0","0","0","0","0","0","0","0","0","0","0","0.1%"
"257","Shane Bannon (KC)","0","0","0","0","0","0","0","0","0","0","0","0","0","0","0","0.0%"
"258","Taiwan Jones (BUF)","0","0","0","0","0","0","0","0","0","0","0","0","7","0.0","0.0","0.0%"
"259","Isaac Odim (LAC)","0","0","0","0","0","0","0","0","0","0","0","0","0","0","0","0.0%"
"260","Nick Bellore (SEA)","0","0","0","0","0","0","1","1","4","4.0","0","0","10","0.0","0.0","1.0%"
"261","Jay Finley (CIN)","0","0","0","0","0","0","0","0","0","0","0","0","0","0","0","0.0%"
"262","Chad Spann (HOU)","0","0","0","0","0","0","0","0","0","0","0","0","0","0","0","0.0%"
"263","Garrett Mills (NE)","0","0","0","0","0","0","0","0","0","0","0","0","0","0","0","0.0%"
"264","Anthony Alridge (WAS)","0","0","0","0","0","0","0","0","0","0","0","0","0","0","0","0.0%"
"265","Dantrell Savage (CAR)","0","0","0","0","0","0","0","0","0","0","0","0","0","0","0","0.0%"
"266","Chad Simpson (WAS)","0","0","0","0","0","0","0","0","0","0","0","0","0","0","0","0.0%"
"267","Kenny Irons (CIN)","0","0","0","0","0","0","0","0","0","0","0","0","0","0","0","0.0%"
"268","Samkon Gado (TEN)","0","0","0","0","0","0","0","0","0","0","0","0","0","0","0","0.0%"
"269","Xavier Omon (SF)","0","0","0","0","0","0","0","0","0","0","0","0","0","0","0","0.0%"
"270","Mike Bell (BUF)","0","0","0","0","0","0","0","0","0","0","0","0","0","0","0","0.0%"
"271","Madison Hedgecock (NYG)","0","0","0","0","0","0","0","0","0","0","0","0","0","0","0","0.0%"
"272","J.P. Holtz (NO)","0","0","0","0","0","0","0","0","0","0","0","0","5","0.0","0.0","0.0%"
"273","Brandin Bryant (BUF)","0","0","0","0","0","0","0","0","0","0","0","0","3","0.0","0.0","0.0%"
"274","Trey Edmunds (PIT)","0","0","0","0","0","0","0","0","0","0","0","0","1","0.0","0.0","0.6%"
"275","Jordan Wilkins (TEN)","0","0","0","0","0","0","0","0","0","0","0","0","2","0.0","0.0","0.1%"
"276","Gus Edwards (BAL)","0","0","0","0","0","0","0","0","0","0","0","0","0","0","0","41.9%"
"277","Jason Cabinda (DET)","3","23","7.7","21","0","0","4","7","16","4.0","1","0","10","0.0","0.0","0.0%"
"278","Elijah McGuire (FA)","0","0","0","0","0","0","0","0","0","0","0","0","3","0.0","0.0","0.0%"
"279","Tarik Cohen (FA)","0","0","0","0","0","0","0","0","0","0","0","0","1","0.0","0.0","2.2%"
"280","Brian Hill (SF)","0","0","0","0","0","0","0","0","0","0","0","0","1","0.0","0.0","0.0%"
"281","Taquan Mizzell (NYG)","0","0","0","0","0","0","0","0","0","0","0","0","0","0","0","0.0%"
"282","Willie Carter (CHI)","0","0","0","0","0","0","0","0","0","0","0","0","0","0","0","0.0%"
"283","Tim Flanders (NO)","0","0","0","0","0","0","0","0","0","0","0","0","0","0","0","0.0%"
"284","Kenjon Barner (TB)","4","0","0.0","1","0","0","0","0","0","0","0","0","3","0.0","0.0","0.6%"
"285","Carlin Isles (DET)","0","0","0","0","0","0","0","0","0","0","0","0","0","0","0","0.0%"
"286","Brennan Clay (DEN)","0","0","0","0","0","0","0","0","0","0","0","0","0","0","0","0.0%"
"287","Nate McCrary (BAL)","1","-1","-1.0","0","0","0","0","0","0","0","0","0","1","-0.1","-0.1","0.1%"
"288","Trenton Cannon (TEN)","3","4","1.3","3","0","0","0","0","0","0","0","1","10","-1.6","-0.2","0.2%"
""
""
