"Rank","Player","REC","TGT","YDS","Y/R","LG","20+","TD","ATT","YDS","TD","FL","G","FPTS","FPTS/G","ROST"
"1","Davante Adams (GB)","10","13","121","12.1","38","0","2","0","0","0","0","1","34.1","34.1","100.0%"
"2","Cooper Kupp (LAR)","13","15","123","9.5","44","0","1","0","0","0","0","1","31.3","31.3","100.0%"
"3","Hunter Renfrow (LV)","13","14","117","9.0","19","0","1","0","0","0","1","1","28.7","28.7","85.6%"
"4","Tyler Lockett (SEA)","5","9","142","28.4","55","0","1","0","0","0","0","1","27.2","27.2","97.6%"
"5","Ja'Marr Chase (CIN)","5","8","77","15.4","32","0","2","1","6","0","0","1","25.3","25.3","98.5%"
"6","Robby Anderson (CAR)","7","12","84","12.0","23","0","1","0","0","0","0","1","21.4","21.4","39.8%"
"7","Mike Evans (TB)","6","6","91","15.2","24","0","1","0","0","0","0","1","21.1","21.1","99.0%"
"8","Allen Lazard (GB)","6","7","75","12.5","32","0","1","1","14","0","0","1","20.9","20.9","4.1%"
"9","Justin Jefferson (MIN)","7","15","79","11.3","22","0","1","1","-4","0","0","1","20.5","20.5","99.9%"
"10","Chris Godwin (TB)","10","15","105","10.5","23","0","0","0","0","0","0","1","20.5","20.5","98.9%"
"11","Odell Beckham Jr. (LAR)","6","7","77","12.8","40","0","1","0","0","0","0","1","19.7","19.7","90.5%"
"12","Brandon Aiyuk (SF)","6","11","62","10.3","21","0","1","1","4","0","0","1","18.6","18.6","88.2%"
"13","Jakeem Grant Sr. (CHI)","1","3","46","46.0","46","0","1","1","5","0","0","1","18.1","18.1","0.6%"
"14","Brandin Cooks (HOU)","8","11","101","12.6","19","0","0","0","0","0","0","1","18.1","18.1","91.5%"
"15","Jalen Guyton (LAC)","3","3","87","29.0","59","0","1","0","0","0","0","1","17.7","17.7","15.1%"
"16","Joshua Palmer (LAC)","5","7","66","13.2","36","0","1","0","0","0","0","1","17.6","17.6","1.6%"
"17","Chase Claypool (PIT)","8","9","93","11.6","38","0","0","1","2","0","0","1","17.5","17.5","88.0%"
"18","Rashod Bateman (BAL)","7","8","103","14.7","36","0","0","0","0","0","0","1","17.3","17.3","30.1%"
"19","K.J. Osborn (MIN)","3","9","83","27.7","62","0","1","0","0","0","0","1","17.3","17.3","32.3%"
"20","A.J. Green (ARI)","7","10","102","14.6","36","0","0","0","0","0","0","1","17.2","17.2","34.0%"
"21","James Washington (PIT)","4","6","65","16.3","30","0","1","0","0","0","0","1","16.5","16.5","1.0%"
"22","Tee Higgins (CIN)","5","7","114","22.8","27","0","0","0","0","0","0","1","16.4","16.4","93.5%"
"23","Amari Cooper (DAL)","5","7","51","10.2","20","0","1","0","0","0","0","1","16.1","16.1","97.7%"
"24","Cam Sims (WAS)","3","4","69","23.0","43","0","1","0","0","0","0","1","15.9","15.9","0.1%"
"25","Damiere Byrd (CHI)","2","2","76","38.0","54","0","1","0","0","0","0","1","15.6","15.6","0.1%"
"26","Cole Beasley (BUF)","9","11","64","7.1","15","0","0","0","0","0","0","1","15.4","15.4","67.8%"
"27","Gabriel Davis (BUF)","5","8","43","8.6","21","0","1","0","0","0","0","1","15.3","15.3","2.8%"
"28","Amon-Ra St. Brown (DET)","8","12","73","9.1","19","0","0","0","0","0","0","1","15.3","15.3","11.5%"
"29","Diontae Johnson (PIT)","5","10","76","15.2","37","0","0","1","7","0","0","1","15.3","15.3","98.0%"
"30","Jarvis Landry (CLE)","5","8","41","8.2","17","0","1","0","0","0","0","1","15.1","15.1","76.5%"
"31","Van Jefferson (LAR)","2","3","58","29.0","52","0","1","1","10","0","0","1","14.8","14.8","71.6%"
"32","CeeDee Lamb (DAL)","7","10","61","8.7","18","0","0","2","15","0","0","1","14.6","14.6","99.6%"
"33","Stefon Diggs (BUF)","7","13","74","10.6","24","0","0","0","0","0","0","1","14.4","14.4","100.0%"
"34","D.J. Moore (CAR)","6","10","84","14.0","22","0","0","0","0","0","0","1","14.4","14.4","97.0%"
"35","Donovan Peoples-Jones (CLE)","5","7","90","18.0","34","0","0","0","0","0","0","1","14.0","14.0","9.7%"
"36","Kalif Raymond (DET)","4","5","31","7.8","9","0","1","0","0","0","0","1","13.1","13.1","3.9%"
"37","Marvin Jones Jr. (JAC)","6","7","70","11.7","31","0","0","0","0","0","0","1","13.0","13.0","58.3%"
"38","Deebo Samuel (SF)","1","1","22","22.0","22","0","0","8","37","1","0","1","12.9","12.9","98.4%"
"39","Breshad Perriman (TB)","1","2","58","58.0","58","0","1","0","0","0","0","1","12.8","12.8","0.8%"
"40","Mike Williams (LAC)","6","6","61","10.2","25","0","0","0","0","0","0","1","12.1","12.1","94.6%"
"41","Nico Collins (HOU)","5","10","69","13.8","30","0","0","0","0","0","0","1","11.9","11.9","1.1%"
"42","Christian Kirk (ARI)","3","6","86","28.7","47","0","0","0","0","0","0","1","11.6","11.6","59.1%"
"43","Tyreek Hill (KC)","4","4","76","19.0","38","0","0","0","0","0","0","1","11.6","11.6","100.0%"
"44","Braxton Berrios (NYJ)","6","10","52","8.7","17","0","0","0","0","0","0","1","11.2","11.2","0.7%"
"45","Michael Gallup (DAL)","5","9","60","12.0","24","0","0","0","0","0","0","1","11.0","11.0","79.0%"
"46","Laquon Treadwell (JAC)","4","6","68","17.0","41","0","0","0","0","0","0","1","10.8","10.8","0.9%"
"47","Russell Gage (ATL)","4","6","64","16.0","36","0","0","0","0","0","0","1","10.4","10.4","48.6%"
"48","DeAndre Hopkins (ARI)","5","12","54","10.8","15","0","0","0","0","0","0","1","10.4","10.4","99.3%"
"49","Tyler Boyd (CIN)","4","5","55","13.8","29","0","0","1","8","0","0","1","10.3","10.3","65.2%"
"50","Jerry Jeudy (DEN)","5","6","47","9.4","21","0","0","0","0","0","0","1","9.7","9.7","81.1%"
"51","Ray-Ray McCloud (PIT)","6","8","32","5.3","10","0","0","0","0","0","0","1","9.2","9.2","0.4%"
"52","Marquise Brown (BAL)","5","8","41","8.2","12","0","0","0","0","0","0","1","9.1","9.1","94.4%"
"53","Josh Gordon (KC)","2","3","9","4.5","8","0","1","0","0","0","0","1","8.9","8.9","1.3%"
"54","Brandon Zylstra (CAR)","4","5","45","11.3","19","0","0","0","0","0","0","1","8.5","8.5","0.1%"
"55","D.K. Metcalf (SEA)","4","8","43","10.8","22","0","0","0","0","0","0","1","8.3","8.3","99.7%"
"56","Josh Reynolds (DET)","3","5","52","17.3","20","0","0","0","0","0","0","1","8.2","8.2","5.8%"
"57","Mecole Hardman (KC)","2","2","59","29.5","44","0","0","1","0","0","0","1","7.9","7.9","30.6%"
"58","Jauan Jennings (SF)","3","5","46","15.3","25","0","0","0","0","0","0","1","7.6","7.6","0.6%"
"59","Laviska Shenault Jr. (JAC)","4","7","34","8.5","14","0","0","0","0","0","0","1","7.4","7.4","38.1%"
"60","Adam Humphries (WAS)","4","7","34","8.5","14","0","0","0","0","0","0","1","7.4","7.4","0.3%"
"61","Julio Jones (TEN)","4","6","33","8.3","16","0","0","0","0","0","0","1","7.3","7.3","76.3%"
"62","D.J. Montgomery (NYJ)","3","6","36","12.0","14","0","0","0","0","0","0","1","6.6","6.6","0.0%"
"63","Tre'Quan Smith (NO)","3","3","33","11.0","21","0","0","0","0","0","0","1","6.3","6.3","11.0%"
"64","Nick Westbrook-Ikhine (TEN)","3","3","31","10.3","15","0","0","0","0","0","0","1","6.1","6.1","15.8%"
"65","Zay Jones (LV)","5","7","25","5.0","9","0","0","0","0","0","1","1","5.5","5.5","1.1%"
"66","Marquez Callaway (NO)","2","4","34","17.0","26","0","0","0","0","0","0","1","5.4","5.4","27.7%"
"67","Marquez Valdes-Scantling (GB)","3","5","20","6.7","8","0","0","0","0","0","0","1","5.0","5.0","35.0%"
"68","Jamison Crowder (NYJ)","3","6","19","6.3","11","0","0","0","0","0","0","1","4.9","4.9","35.4%"
"69","Sterling Shepard (NYG)","2","4","27","13.5","24","0","0","0","0","0","0","1","4.7","4.7","34.1%"
"70","Tavon Austin (JAC)","3","5","17","5.7","7","0","0","0","0","0","0","1","4.7","4.7","0.1%"
"71","Tyler Johnson (TB)","3","3","17","5.7","8","0","0","0","0","0","0","1","4.7","4.7","1.1%"
"72","Rondale Moore (ARI)","3","4","5","1.7","7","0","0","2","11","0","0","1","4.6","4.6","20.1%"
"73","Bryan Edwards (LV)","2","3","24","12.0","18","0","0","0","0","0","0","1","4.4","4.4","9.6%"
"74","Tim Patrick (DEN)","2","5","21","10.5","13","0","0","0","0","0","0","1","4.1","4.1","20.6%"
"75","Chris Conley (HOU)","2","2","20","10.0","13","0","0","0","0","0","0","1","4.0","4.0","0.4%"
"76","Byron Pringle (KC)","1","1","28","28.0","28","0","0","0","0","0","0","1","3.8","3.8","1.0%"
"77","Cedrick Wilson Jr. (DAL)","2","2","18","9.0","13","0","0","0","0","0","0","1","3.8","3.8","4.9%"
"78","Keelan Cole Sr. (NYJ)","1","6","27","27.0","27","0","0","0","0","0","0","1","3.7","3.7","1.1%"
"79","Devin Duvernay (BAL)","2","5","14","7.0","11","0","0","1","3","0","0","1","3.7","3.7","1.4%"
"80","Kenny Golladay (NYG)","2","8","15","7.5","10","0","0","0","0","0","0","1","3.5","3.5","55.4%"
"81","Emmanuel Sanders (BUF)","1","1","25","25.0","25","0","0","0","0","0","0","1","3.5","3.5","57.8%"
"82","Allen Robinson II (CHI)","2","6","14","7.0","8","0","0","0","0","0","0","1","3.4","3.4","60.9%"
"83","DeAndre Carter (WAS)","2","5","12","6.0","10","0","0","0","0","0","0","1","3.2","3.2","2.5%"
"84","Darnell Mooney (CHI)","1","5","19","19.0","19","0","0","0","0","0","0","1","2.9","2.9","78.0%"
"85","DeSean Jackson (LV)","1","2","19","19.0","19","0","0","0","0","0","0","1","2.9","2.9","6.3%"
"86","Davion Davis (HOU)","1","1","17","17.0","17","0","0","0","0","0","0","1","2.7","2.7","0.0%"
"87","Penny Hart (SEA)","1","1","16","16.0","16","0","0","0","0","0","0","1","2.6","2.6","0.0%"
"88","Chester Rogers (TEN)","1","1","13","13.0","13","0","0","0","0","0","0","1","2.3","2.3","0.7%"
"89","Phillip Dorsett II (HOU)","1","3","9","9.0","9","0","0","1","0","0","0","1","1.9","1.9","0.0%"
"90","Racey McMath (TEN)","1","2","9","9.0","9","0","0","0","0","0","0","1","1.9","1.9","0.0%"
"91","Courtland Sutton (DEN)","1","2","9","9.0","9","0","0","0","0","0","0","1","1.9","1.9","76.7%"
"92","Tajae Sharpe (ATL)","1","2","7","7.0","7","0","0","0","0","0","0","1","1.7","1.7","1.2%"
"93","John Ross (NYG)","1","1","7","7.0","7","0","0","0","0","0","0","1","1.7","1.7","0.1%"
"94","Tom Kennedy (DET)","1","1","7","7.0","7","0","0","0","0","0","0","1","1.7","1.7","0.0%"
"95","Cody Hollister (TEN)","1","1","6","6.0","6","0","0","0","0","0","0","1","1.6","1.6","0.0%"
"96","Pharoh Cooper (NYG)","1","1","6","6.0","6","0","0","0","0","0","0","1","1.6","1.6","0.0%"
"97","Easop Winston Jr. (NO)","1","1","5","5.0","5","0","0","0","0","0","0","1","1.5","1.5","0.0%"
"98","Isaiah McKenzie (BUF)","1","1","5","5.0","5","0","0","0","0","0","0","1","1.5","1.5","0.2%"
"99","Freddie Swain (SEA)","0","1","0","0","0","0","0","1","3","0","0","1","0.3","0.3","0.3%"
"100","Jody Fortson (KC)","0","0","0","0","0","0","0","0","0","0","0","0","0","0","0.0%"
"101","Terry McLaurin (WAS)","0","4","0","0","0","0","0","0","0","0","0","1","0.0","0.0","98.9%"
"102","Jason Moore Jr. (LAC)","0","0","0","0","0","0","0","0","0","0","0","0","0","0","0.0%"
"103","Malik Taylor (GB)","0","0","0","0","0","0","0","0","0","0","0","1","0.0","0.0","0.1%"
"104","Nsimba Webster (CHI)","0","0","0","0","0","0","0","0","0","0","0","0","0","0","0.0%"
"105","Alex Bachman (NYG)","0","0","0","0","0","0","0","0","0","0","0","0","0","0","0.0%"
"106","Kabion Ento (GB)","0","0","0","0","0","0","0","0","0","0","0","0","0","0","0.0%"
"107","Malik Henry (NO)","0","0","0","0","0","0","0","0","0","0","0","0","0","0","0.0%"
"108","Deonte Harris (NO)","0","0","0","0","0","0","0","0","0","0","0","0","0","0","6.9%"
"109","Olamide Zaccheaus (ATL)","0","0","0","0","0","0","0","0","0","0","0","0","0","0","0.8%"
"110","Jayson Stanley (SEA)","0","0","0","0","0","0","0","0","0","0","0","0","0","0","0.0%"
"111","Ashton Dulin (IND)","0","0","0","0","0","0","0","0","0","0","0","0","0","0","0.1%"
"112","Miles Boykin (BAL)","0","0","0","0","0","0","0","0","0","0","0","0","0","0","0.1%"
"113","Stanley Morgan Jr. (CIN)","0","0","0","0","0","0","0","0","0","0","0","1","0.0","0.0","0.0%"
"114","KeeSean Johnson (PHI)","0","0","0","0","0","0","0","0","0","0","0","0","0","0","0.0%"
"115","Preston Williams (MIA)","0","0","0","0","0","0","0","0","0","0","0","0","0","0","0.1%"
"116","Cody Thompson (SEA)","0","0","0","0","0","0","0","0","0","0","0","0","0","0","0.0%"
"117","Antoine Wesley (ARI)","0","0","0","0","0","0","0","0","0","0","0","0","0","0","0.1%"
"118","Anthony Ratliff-Williams (SEA)","0","0","0","0","0","0","0","0","0","0","0","0","0","0","0.0%"
"119","Jakobi Meyers (NE)","0","0","0","0","0","0","0","0","0","0","0","0","0","0","62.7%"
"120","Lil'Jordan Humphrey (NO)","0","0","0","0","0","0","0","0","0","0","0","0","0","0","0.2%"
"121","Greg Dortch (ARI)","0","0","0","0","0","0","0","0","0","0","0","0","0","0","0.0%"
"122","David Sills V (NYG)","0","0","0","0","0","0","0","0","0","0","0","0","0","0","0.0%"
"123","DeAndre Thompkins (GB)","0","0","0","0","0","0","0","0","0","0","0","0","0","0","0.0%"
"124","Trinity Benson (DET)","0","0","0","0","0","0","0","0","0","0","0","0","0","0","0.0%"
"125","Tyron Johnson (LV)","0","0","0","0","0","0","0","0","0","0","0","1","0.0","0.0","0.0%"
"126","Jeff Smith (NYJ)","0","0","0","0","0","0","0","0","0","0","0","0","0","0","0.0%"
"127","Juwann Winfree (GB)","0","0","0","0","0","0","0","0","0","0","0","0","0","0","0.0%"
"128","Trenton Irwin (CIN)","0","0","0","0","0","0","0","0","0","0","0","0","0","0","0.0%"
"129","John Ursua (SEA)","0","0","0","0","0","0","0","0","0","0","0","0","0","0","0.0%"
"130","Scotty Miller (TB)","0","0","0","0","0","0","0","0","0","0","0","0","0","0","0.2%"
"131","Bisi Johnson (MIN)","0","0","0","0","0","0","0","0","0","0","0","0","0","0","0.0%"
"132","Darius Slayton (NYG)","0","3","0","0","0","0","0","0","0","0","0","1","0.0","0.0","4.7%"
"133","Quinton Bell (ATL)","0","0","0","0","0","0","0","0","0","0","0","0","0","0","0.1%"
"134","Ja'Marcus Bradley (CIN)","0","0","0","0","0","0","0","0","0","0","0","0","0","0","0.0%"
"135","Tylan Wallace (BAL)","0","0","0","0","0","0","0","0","0","0","0","1","0.0","0.0","0.1%"
"136","Jaylen Waddle (MIA)","0","0","0","0","0","0","0","0","0","0","0","0","0","0","92.7%"
"137","Isaiah Coulter (CHI)","0","0","0","0","0","0","0","0","0","0","0","0","0","0","0.0%"
"138","Kirk Merritt (MIA)","0","0","0","0","0","0","0","0","0","0","0","0","0","0","0.0%"
"139","Malcolm Perry (NO)","0","0","0","0","0","0","0","0","0","0","0","0","0","0","0.0%"
"140","Cody White (PIT)","0","0","0","0","0","0","0","0","0","0","0","0","0","0","0.0%"
"141","Dezmon Patmon (IND)","0","0","0","0","0","0","0","0","0","0","0","0","0","0","0.0%"
"142","Quez Watkins (PHI)","0","0","0","0","0","0","0","0","0","0","0","0","0","0","1.4%"
"143","Aaron Parker (CAR)","0","0","0","0","0","0","0","0","0","0","0","0","0","0","0.0%"
"144","Chris Finke (KC)","0","0","0","0","0","0","0","0","0","0","0","0","0","0","0.0%"
"145","Mason Kinsey (TEN)","0","0","0","0","0","0","0","0","0","0","0","0","0","0","0.0%"
"146","Lawrence Cager (CLE)","0","0","0","0","0","0","0","0","0","0","0","0","0","0","0.0%"
"147","Austin Mack (SF)","0","0","0","0","0","0","0","0","0","0","0","0","0","0","0.0%"
"148","Tyrie Cleveland (DEN)","0","0","0","0","0","0","0","0","0","0","0","0","0","0","0.0%"
"149","Trishton Jackson (MIN)","0","0","0","0","0","0","0","0","0","0","0","0","0","0","0.0%"
"150","Stephen Sullivan (CAR)","0","0","0","0","0","0","0","0","0","0","0","0","0","0","0.0%"
"151","JoJo Ward (CLE)","0","0","0","0","0","0","0","0","0","0","0","0","0","0","0.0%"
"152","Jalen McCleskey (NO)","0","0","0","0","0","0","0","0","0","0","0","0","0","0","0.0%"
"153","Josh Pearson (TB)","0","0","0","0","0","0","0","0","0","0","0","0","0","0","0.0%"
"154","John Hurst (TB)","0","0","0","0","0","0","0","0","0","0","0","0","0","0","0.0%"
"155","Derrick Dillon (NYG)","0","0","0","0","0","0","0","0","0","0","0","0","0","0","0.0%"
"156","Rysen John (NYG)","0","0","0","0","0","0","0","0","0","0","0","0","0","0","0.0%"
"157","Manasseh Bailey (NYJ)","0","0","0","0","0","0","0","0","0","0","0","0","0","0","0.0%"
"158","Kendall Hinton (DEN)","0","0","0","0","0","0","0","0","0","0","0","0","0","0","0.0%"
"159","Kristian Wilkerson (NE)","0","0","0","0","0","0","0","0","0","0","0","0","0","0","0.0%"
"160","Tyler Simmons (PIT)","0","0","0","0","0","0","0","0","0","0","0","0","0","0","0.0%"
"161","Jaylon Moore (BAL)","0","0","0","0","0","0","0","0","0","0","0","0","0","0","0.0%"
"162","Binjimen Victor (BAL)","0","0","0","0","0","0","0","0","0","0","0","0","0","0","0.0%"
"163","Parris Campbell (IND)","0","0","0","0","0","0","0","0","0","0","0","0","0","0","4.6%"
"164","Gunner Olszewski (NE)","0","0","0","0","0","0","0","0","0","0","0","0","0","0","0.1%"
"165","Thomas Ives (CHI)","0","0","0","0","0","0","0","0","0","0","0","0","0","0","0.0%"
"166","Steven Sims Jr. (PIT)","0","0","0","0","0","0","0","0","0","0","0","0","0","0","0.0%"
"167","Kalija Lipscomb (TEN)","0","0","0","0","0","0","0","0","0","0","0","0","0","0","0.0%"
"168","Lynn Bowden Jr. (MIA)","0","0","0","0","0","0","0","0","0","0","0","0","0","0","0.0%"
"169","Juwan Johnson (NO)","1","1","15","15.0","15","0","0","0","0","0","0","1","0.0","0.0","2.0%"
"170","Quartney Davis (IND)","0","0","0","0","0","0","0","0","0","0","0","0","0","0","0.0%"
"171","Tarik Black (NYJ)","0","0","0","0","0","0","0","0","0","0","0","0","0","0","0.0%"
"172","Tyler Vaughns (PIT)","0","0","0","0","0","0","0","0","0","0","0","0","0","0","0.0%"
"173","Joe Reed (LAC)","0","0","0","0","0","0","0","0","0","0","0","0","0","0","0.0%"
"174","Jalen Reagor (PHI)","0","0","0","0","0","0","0","0","0","0","0","0","0","0","13.5%"
"175","Quintez Cephus (DET)","0","0","0","0","0","0","0","0","0","0","0","0","0","0","0.8%"
"176","Isaiah Hodgins (BUF)","0","0","0","0","0","0","0","0","0","0","0","0","0","0","0.0%"
"177","James Proche II (BAL)","0","0","0","0","0","0","0","0","0","0","0","0","0","0","0.0%"
"178","Denzel Mims (NYJ)","0","1","0","0","0","0","0","0","0","0","0","1","0.0","0.0","0.7%"
"179","Antonio Gandy-Golden (WAS)","0","0","0","0","0","0","0","0","0","0","0","0","0","0","0.0%"
"180","KJ Hill Jr. (LAC)","0","0","0","0","0","0","0","0","0","0","0","0","0","0","0.1%"
"181","John Hightower (PHI)","0","0","0","0","0","0","0","0","0","0","0","0","0","0","0.0%"
"182","Aaron Fuller (SEA)","0","0","0","0","0","0","0","0","0","0","0","0","0","0","0.0%"
"183","Michael Pittman Jr. (IND)","0","0","0","0","0","0","0","0","0","0","0","0","0","0","92.3%"
"184","KJ Hamler (DEN)","0","0","0","0","0","0","0","0","0","0","0","0","0","0","0.8%"
"185","DeVonta Smith (PHI)","0","0","0","0","0","0","0","0","0","0","0","0","0","0","85.2%"
"186","Calvin Ridley (ATL)","0","0","0","0","0","0","0","0","0","0","0","0","0","0","66.8%"
"187","Anthony Miller (PIT)","0","0","0","0","0","0","0","0","0","0","0","0","0","0","0.3%"
"188","River Cracraft (SF)","0","0","0","0","0","0","0","0","0","0","0","1","0.0","0.0","0.0%"
"189","Deon Cain (PHI)","0","0","0","0","0","0","0","0","0","0","0","0","0","0","0.0%"
"190","Dante Pettis (NYG)","0","0","0","0","0","0","0","0","0","0","0","0","0","0","0.2%"
"191","Javon Wims (LV)","0","0","0","0","0","0","0","0","0","0","0","0","0","0","0.0%"
"192","Daurice Fountain (KC)","0","0","0","0","0","0","0","0","0","0","0","0","0","0","0.0%"
"193","Keke Coutee (IND)","0","0","0","0","0","0","0","0","0","0","0","0","0","0","0.0%"
"194","DaeSean Hamilton (DEN)","0","0","0","0","0","0","0","0","0","0","0","0","0","0","0.0%"
"195","Robert Foster (DAL)","0","0","0","0","0","0","0","0","0","0","0","0","0","0","0.0%"
"196","Equanimeous St. Brown (GB)","0","0","0","0","0","0","0","0","0","0","0","1","0.0","0.0","0.1%"
"197","Auden Tate (CIN)","0","0","0","0","0","0","0","0","0","0","0","0","0","0","0.1%"
"198","Richie James Jr. (SF)","0","0","0","0","0","0","0","0","0","0","0","0","0","0","0.0%"
"199","D.J. Chark Jr. (JAC)","0","0","0","0","0","0","0","0","0","0","0","0","0","0","17.9%"
"200","J'Mon Moore (ATL)","0","0","0","0","0","0","0","0","0","0","0","0","0","0","0.0%"
"201","Jester Weah (CHI)","0","0","0","0","0","0","0","0","0","0","0","0","0","0","0.0%"
"202","Isaac Whitney (ARI)","0","0","0","0","0","0","0","0","0","0","0","0","0","0","0.0%"
"203","Marcus Kemp (KC)","0","0","0","0","0","0","0","0","0","0","0","1","0.0","0.0","0.0%"
"204","Justin Hardee (NYJ)","0","0","0","0","0","0","0","0","0","0","0","1","0.0","0.0","0.0%"
"205","JoJo Natson (CLE)","0","0","0","0","0","0","0","0","0","0","0","1","0.0","0.0","0.0%"
"206","C.J. Board (NYG)","0","0","0","0","0","0","0","0","0","0","0","0","0","0","0.0%"
"207","Greg Ward (PHI)","0","0","0","0","0","0","0","0","0","0","0","0","0","0","0.1%"
"208","Cyril Grayson Jr. (TB)","0","0","0","0","0","0","0","0","0","0","0","0","0","0","0.0%"
"209","Kendrick Bourne (NE)","0","0","0","0","0","0","0","0","0","0","0","0","0","0","28.7%"
"210","Zach Pascal (IND)","0","0","0","0","0","0","0","0","0","0","0","0","0","0","4.2%"
"211","Deante Burton (DAL)","0","0","0","0","0","0","0","0","0","0","0","0","0","0","0.0%"
"212","Dylan Cantrell (WAS)","0","0","0","0","0","0","0","0","0","0","0","0","0","0","0.0%"
"213","Malik Turner (DAL)","0","0","0","0","0","0","0","0","0","0","0","0","0","0","0.1%"
"214","KhaDarel Hodge (DET)","0","1","0","0","0","0","0","0","0","0","0","1","0.0","0.0","0.1%"
"215","Shaq Roland (CHI)","0","0","0","0","0","0","0","0","0","0","0","0","0","0","0.0%"
"216","Andy Isabella (ARI)","0","0","0","0","0","0","0","0","0","0","0","0","0","0","0.1%"
"217","Terry Godwin (JAC)","0","0","0","0","0","0","0","0","0","0","0","0","0","0","0.0%"
"218","Alexander Hollins (CLE)","0","0","0","0","0","0","0","0","0","0","0","0","0","0","0.0%"
"219","A.J. Brown (TEN)","0","0","0","0","0","0","0","0","0","0","0","0","0","0","90.6%"
"220","Collin Johnson (NYG)","0","0","0","0","0","0","0","0","0","0","0","0","0","0","0.1%"
"221","J.J. Arcega-Whiteside (PHI)","0","0","0","0","0","0","0","0","0","0","0","0","0","0","0.1%"
"222","Hakeem Butler (PHI)","0","0","0","0","0","0","0","0","0","0","0","0","0","0","0.0%"
"223","Kelvin Harmon (WAS)","0","0","0","0","0","0","0","0","0","0","0","0","0","0","0.0%"
"224","N'Keal Harry (NE)","0","0","0","0","0","0","0","0","0","0","0","0","0","0","0.2%"
"225","Justin Watson (TB)","0","0","0","0","0","0","0","0","0","0","0","0","0","0","0.0%"
"226","Brandon Powell (LAR)","0","0","0","0","0","0","0","0","0","0","0","1","0.0","0.0","0.0%"
"227","Vyncint Smith (NYJ)","0","1","0","0","0","0","0","0","0","0","0","1","0.0","0.0","0.0%"
"228","Christian Blake (ATL)","0","0","0","0","0","0","0","0","0","0","0","0","0","0","0.0%"
"229","Caleb Scott (LV)","0","0","0","0","0","0","0","0","0","0","0","0","0","0","0.0%"
"230","De'Mornay Pierson-El (DEN)","0","0","0","0","0","0","0","0","0","0","0","0","0","0","0.0%"
"231","Devin Ross (NE)","0","0","0","0","0","0","0","0","0","0","0","0","0","0","0.0%"
"232","Rico Gafford (DEN)","0","0","0","0","0","0","0","0","0","0","0","0","0","0","0.0%"
"233","Jordan Veasy (HOU)","0","0","0","0","0","0","0","0","0","0","0","0","0","0","0.0%"
"234","Cameron Batson (TEN)","0","0","0","0","0","0","0","0","0","0","0","0","0","0","0.0%"
"235","Trent Sherfield (SF)","0","0","0","0","0","0","0","0","0","0","0","1","0.0","0.0","0.1%"
"236","Keith Kirkwood (CAR)","0","0","0","0","0","0","0","0","0","0","0","0","0","0","0.0%"
"237","Jeff Cotton (JAC)","0","0","0","0","0","0","0","0","0","0","0","0","0","0","0.0%"
"238","DeMichael Harris (IND)","0","0","0","0","0","0","0","0","0","0","0","0","0","0","0.0%"
"239","Jaelon Darden (TB)","0","0","0","0","0","0","0","0","0","0","0","1","0.0","0.0","0.1%"
"240","Frank Darby (ATL)","0","0","0","0","0","0","0","0","0","0","0","1","0.0","0.0","0.0%"
"241","Warren Jackson (LAR)","0","0","0","0","0","0","0","0","0","0","0","0","0","0","0.0%"
"242","Ben Skowronek (LAR)","0","1","0","0","0","0","0","0","0","0","0","1","0.0","0.0","0.1%"
"243","Damon Hazelton (HOU)","0","0","0","0","0","0","0","0","0","0","0","0","0","0","0.0%"
"244","Cornell Powell (KC)","0","0","0","0","0","0","0","0","0","0","0","0","0","0","0.0%"
"245","Cade Johnson (SEA)","0","0","0","0","0","0","0","0","0","0","0","0","0","0","0.0%"
"246","Dax Milne (WAS)","0","0","0","0","0","0","0","0","0","0","0","0","0","0","0.0%"
"247","D'Wayne Eskridge (SEA)","0","1","0","0","0","0","0","0","0","0","0","1","0.0","0.0","0.6%"
"248","Chris Blair (GB)","0","0","0","0","0","0","0","0","0","0","0","0","0","0","0.0%"
"249","Myron Mitchell (MIN)","0","0","0","0","0","0","0","0","0","0","0","0","0","0","0.0%"
"250","Brandon Smith (DAL)","0","0","0","0","0","0","0","0","0","0","0","0","0","0","0.0%"
"251","Rico Bussey (PIT)","0","0","0","0","0","0","0","0","0","0","0","0","0","0","0.0%"
"252","Javon McKinley (DET)","0","0","0","0","0","0","0","0","0","0","0","0","0","0","0.0%"
"253","Osirus Mitchell (DAL)","0","0","0","0","0","0","0","0","0","0","0","0","0","0","0.0%"
"254","Kawaan Baker (NO)","0","0","0","0","0","0","0","0","0","0","0","0","0","0","0.0%"
"255","Tre Nixon (NE)","0","0","0","0","0","0","0","0","0","0","0","0","0","0","0.0%"
"256","Jalen Camp (HOU)","0","0","0","0","0","0","0","0","0","0","0","0","0","0","0.0%"
"257","Austin Trammell (ATL)","0","0","0","0","0","0","0","0","0","0","0","0","0","0","0.0%"
"258","Jacob Harris (LAR)","0","0","0","0","0","0","0","0","0","0","0","0","0","0","0.0%"
"259","Landen Akers (LAR)","0","0","0","0","0","0","0","0","0","0","0","0","0","0","0.0%"
"260","Terrace Marshall Jr. (CAR)","0","0","0","0","0","0","0","0","0","0","0","0","0","0","3.0%"
"261","Micah Simon (CAR)","0","0","0","0","0","0","0","0","0","0","0","0","0","0","0.0%"
"262","Simi Fehoko (DAL)","0","0","0","0","0","0","0","0","0","0","0","0","0","0","0.1%"
"263","Mike Strachan (IND)","0","0","0","0","0","0","0","0","0","0","0","0","0","0","0.0%"
"264","Travis Toivonen (NYG)","0","0","0","0","0","0","0","0","0","0","0","0","0","0","0.0%"
"265","Michael Bandy (LAC)","0","0","0","0","0","0","0","0","0","0","0","0","0","0","0.0%"
"266","C.J. Saunders (CAR)","0","0","0","0","0","0","0","0","0","0","0","0","0","0","0.0%"
"267","Donte Sylencieux (BAL)","0","0","0","0","0","0","0","0","0","0","0","0","0","0","0.0%"
"268","Shane Zylstra (DET)","2","6","18","9.0","14","0","0","0","0","0","0","1","0.0","0.0","0.0%"
"269","Tim Jones (JAC)","0","0","0","0","0","0","0","0","0","0","0","0","0","0","0.0%"
"270","Dillon Stoner (LV)","0","0","0","0","0","0","0","0","0","0","0","0","0","0","0.0%"
"271","DJ Turner (LV)","0","0","0","0","0","0","0","0","0","0","0","0","0","0","0.0%"
"272","Connor Wedington (SF)","0","0","0","0","0","0","0","0","0","0","0","0","0","0","0.0%"
"273","Demetric Felton (CLE)","0","0","0","0","0","0","0","0","0","0","0","1","0.0","0.0","0.7%"
"274","Dazz Newsome (CHI)","0","0","0","0","0","0","0","0","0","0","0","0","0","0","0.0%"
"275","Kadarius Toney (NYG)","0","0","0","0","0","0","0","0","0","0","0","0","0","0","28.7%"
"276","Seth Williams (DEN)","0","0","0","0","0","0","0","0","0","0","0","0","0","0","0.0%"
"277","T.J. Vasher (DAL)","0","0","0","0","0","0","0","0","0","0","0","0","0","0","0.0%"
"278","Ihmir Smith-Marsette (MIN)","0","0","0","0","0","0","0","0","0","0","0","0","0","0","0.1%"
"279","Elijah Moore (NYJ)","0","0","0","0","0","0","0","0","0","0","0","0","0","0","62.7%"
"280","Dyami Brown (WAS)","0","1","0","0","0","0","0","0","0","0","0","1","0.0","0.0","0.4%"
"281","Dez Fitzpatrick (TEN)","0","0","0","0","0","0","0","0","0","0","0","0","0","0","0.6%"
"282","Pooka Williams Jr. (CIN)","0","0","0","0","0","0","0","0","0","0","0","0","0","0","0.0%"
"283","Dan Chisena (MIN)","0","0","0","0","0","0","0","0","0","0","0","0","0","0","0.0%"
"284","Andre Baccellia (ARI)","0","0","0","0","0","0","0","0","0","0","0","0","0","0","0.0%"
"285","Maurice Ffrench (LAC)","0","0","0","0","0","0","0","0","0","0","0","0","0","0","0.0%"
"286","J.J. Koski (LAR)","0","0","0","0","0","0","0","0","0","0","0","0","0","0","0.0%"
"287","Aleva Hifo (ARI)","0","0","0","0","0","0","0","0","0","0","0","0","0","0","0.0%"
"288","Josh Hammond (JAC)","0","0","0","0","0","0","0","0","0","0","0","0","0","0","0.0%"
"289","Anthony Schwartz (CLE)","0","0","0","0","0","0","0","0","0","0","0","0","0","0","0.3%"
"290","Tutu Atwell (LAR)","0","0","0","0","0","0","0","0","0","0","0","0","0","0","0.2%"
"291","Marquez Stevenson (BUF)","0","0","0","0","0","0","0","0","0","0","0","1","0.0","0.0","0.0%"
"292","Amari Rodgers (GB)","0","0","0","0","0","0","0","0","0","0","0","1","0.0","0.0","0.4%"
"293","Shi Smith (CAR)","0","0","0","0","0","0","0","0","0","0","0","0","0","0","0.1%"
"294","Travis Benjamin (SF)","0","0","0","0","0","0","0","0","0","0","0","0","0","0","0.0%"
"295","Patrick Edwards (DET)","0","0","0","0","0","0","0","0","0","0","0","0","0","0","0.0%"
"296","T.Y. Hilton (IND)","0","0","0","0","0","0","0","0","0","0","0","0","0","0","19.1%"
"297","Mohamed Sanu Sr. (SF)","0","0","0","0","0","0","0","0","0","0","0","0","0","0","0.1%"
"298","Michael Calvin (TEN)","0","0","0","0","0","0","0","0","0","0","0","0","0","0","0.0%"
"299","Eron Riley (NYJ)","0","0","0","0","0","0","0","0","0","0","0","0","0","0","0.0%"
"300","Randall Cobb (GB)","0","0","0","0","0","0","0","0","0","0","0","0","0","0","9.6%"
"301","Andy Fantuz (CHI)","0","0","0","0","0","0","0","0","0","0","0","0","0","0","0.0%"
"302","Taj Smith (IND)","0","0","0","0","0","0","0","0","0","0","0","0","0","0","0.0%"
"303","Demario Ballard (DET)","0","0","0","0","0","0","0","0","0","0","0","0","0","0","0.0%"
"304","Jaron Brown (ARI)","0","0","0","0","0","0","0","0","0","0","0","0","0","0","0.0%"
"305","Donte Moncrief (HOU)","0","0","0","0","0","0","0","0","0","0","0","0","0","0","0.0%"
"306","Jordan Matthews (SF)","0","0","0","0","0","0","0","0","0","0","0","0","0","0","0.0%"
"307","Sammy Watkins (BAL)","0","2","0","0","0","0","0","0","0","0","0","1","0.0","0.0","8.5%"
"308","Marquise Goodwin (CHI)","0","0","0","0","0","0","0","0","0","0","0","0","0","0","0.7%"
"309","Keenan Allen (LAC)","0","0","0","0","0","0","0","0","0","0","0","0","0","0","99.0%"
"310","Cordarrelle Patterson (ATL)","2","5","1","0.5","3","0","0","16","58","1","0","1","0.0","0.0","95.8%"
"311","Kenny Stills (NO)","0","0","0","0","0","0","0","0","0","0","0","0","0","0","0.1%"
"312","Robert Woods (LAR)","0","0","0","0","0","0","0","0","0","0","0","0","0","0","31.7%"
"313","John Standeford (DET)","0","0","0","0","0","0","0","0","0","0","0","0","0","0","0.0%"
"314","Lance Long (SF)","0","0","0","0","0","0","0","0","0","0","0","0","0","0","0.0%"
"315","Kenny McKinley (DEN)","0","0","0","0","0","0","0","0","0","0","0","0","0","0","0.0%"
"316","Juaquin Iglesias (MIN)","0","0","0","0","0","0","0","0","0","0","0","0","0","0","0.0%"
"317","Bobby Wade (WAS)","0","0","0","0","0","0","0","0","0","0","0","0","0","0","0.0%"
"318","Danny Amendola (HOU)","0","0","0","0","0","0","0","0","0","0","0","0","0","0","0.1%"
"319","Chris Henry (CIN)","0","0","0","0","0","0","0","0","0","0","0","0","0","0","0.0%"
"320","Andre Roberts (LAC)","0","0","0","0","0","0","0","0","0","0","0","1","0.0","0.0","0.1%"
"321","Golden Tate (TEN)","0","0","0","0","0","0","0","0","0","0","0","0","0","0","0.2%"
"322","Tyler Grisham (PIT)","0","0","0","0","0","0","0","0","0","0","0","0","0","0","0.0%"
"323","Todd Watkins (NYG)","0","0","0","0","0","0","0","0","0","0","0","0","0","0","0.0%"
"324","Dominique Edison (DAL)","0","0","0","0","0","0","0","0","0","0","0","0","0","0","0.0%"
"325","Antonio Brown (TB)","0","0","0","0","0","0","0","0","0","0","0","0","0","0","65.8%"
"326","Jeremy Williams (LAC)","0","0","0","0","0","0","0","0","0","0","0","0","0","0","0.0%"
"327","Onrea Jones (CHI)","0","0","0","0","0","0","0","0","0","0","0","0","0","0","0.0%"
"328","Nate Hughes (JAC)","0","0","0","0","0","0","0","0","0","0","0","0","0","0","0.0%"
"329","Mike Furrey (WAS)","0","0","0","0","0","0","0","0","0","0","0","0","0","0","0.0%"
"330","Maurice Purify (CIN)","0","0","0","0","0","0","0","0","0","0","0","0","0","0","0.0%"
"331","Matthew Slater (NE)","0","0","0","0","0","0","0","0","0","0","0","0","0","0","0.0%"
"332","Marko Mitchell (MIN)","0","0","0","0","0","0","0","0","0","0","0","0","0","0","0.0%"
"333","Sam Giguere (NYG)","0","0","0","0","0","0","0","0","0","0","0","0","0","0","0.0%"
"334","Rod Harper (PHI)","0","0","0","0","0","0","0","0","0","0","0","0","0","0","0.0%"
"335","Alex Erickson (CAR)","0","0","0","0","0","0","0","0","0","0","0","1","0.0","0.0","0.0%"
"336","Cody Core (MIA)","0","0","0","0","0","0","0","0","0","0","0","0","0","0","0.0%"
"337","Demarcus Robinson (KC)","0","0","0","0","0","0","0","0","0","0","0","0","0","0","0.8%"
"338","Chris Moore (HOU)","0","0","0","0","0","0","0","0","0","0","0","0","0","0","0.1%"
"339","Will Fuller V (MIA)","0","0","0","0","0","0","0","0","0","0","0","0","0","0","24.7%"
"340","Rashard Higgins (CLE)","0","0","0","0","0","0","0","0","0","0","0","0","0","0","0.3%"
"341","Michael Thomas (NO)","0","0","0","0","0","0","0","0","0","0","0","0","0","0","21.1%"
"342","Mike Thomas (CIN)","0","0","0","0","0","0","0","0","0","0","0","0","0","0","0.1%"
"343","Geronimo Allison (DET)","0","0","0","0","0","0","0","0","0","0","0","0","0","0","0.0%"
"344","Marcus Johnson (TEN)","0","0","0","0","0","0","0","0","0","0","0","0","0","0","0.6%"
"345","Johnny Holton (NYG)","0","0","0","0","0","0","0","0","0","0","0","0","0","0","0.0%"
"346","Darius Jennings (DET)","0","0","0","0","0","0","0","0","0","0","0","0","0","0","0.0%"
"347","Amara Darboh (DEN)","0","0","0","0","0","0","0","0","0","0","0","0","0","0","0.0%"
"348","Mack Hollins (MIA)","0","0","0","0","0","0","0","0","0","0","0","0","0","0","0.2%"
"349","Shelton Gibson (CAR)","0","0","0","0","0","0","0","0","0","0","0","0","0","0","0.0%"
"350","Noah Brown (DAL)","0","0","0","0","0","0","0","0","0","0","0","0","0","0","0.2%"
"351","Dede Westbrook (MIN)","0","0","0","0","0","0","0","0","0","0","0","1","0.0","0.0","0.2%"
"352","Curtis Samuel (WAS)","0","2","0","0","0","0","0","0","0","0","0","1","0.0","0.0","17.2%"
"353","Rodney Adams (CHI)","0","0","0","0","0","0","0","0","0","0","0","0","0","0","0.0%"
"354","Isaiah Ford (MIA)","0","0","0","0","0","0","0","0","0","0","0","0","0","0","0.0%"
"355","Chad Hansen (DET)","0","0","0","0","0","0","0","0","0","0","0","0","0","0","0.0%"
"356","JuJu Smith-Schuster (PIT)","0","0","0","0","0","0","0","0","0","0","0","0","0","0","19.3%"
"357","Corey Davis (NYJ)","0","0","0","0","0","0","0","0","0","0","0","0","0","0","35.9%"
"358","Jamal Agnew (JAC)","0","0","0","0","0","0","0","0","0","0","0","0","0","0","1.9%"
"359","Tanner Gentry (BUF)","0","0","0","0","0","0","0","0","0","0","0","0","0","0","0.0%"
"360","Ryan Switzer (CLE)","0","0","0","0","0","0","0","0","0","0","0","0","0","0","0.0%"
"361","Gehrig Dieter (KC)","0","0","0","0","0","0","0","0","0","0","0","0","0","0","0.0%"
"362","Robert Davis (LV)","0","0","0","0","0","0","0","0","0","0","0","0","0","0","0.0%"
"363","Bug Howard (BUF)","0","0","0","0","0","0","0","0","0","0","0","0","0","0","0.0%"
"364","Trent Taylor (CIN)","0","0","0","0","0","0","0","0","0","0","0","0","0","0","0.0%"
"365","Marvin Hall (ATL)","0","0","0","0","0","0","0","0","0","0","0","0","0","0","0.0%"
"366","Reece Horn (CIN)","0","0","0","0","0","0","0","0","0","0","0","0","0","0","0.0%"
"367","Jaydon Mickens (JAC)","0","1","0","0","0","0","0","0","0","0","0","1","0.0","0.0","0.0%"
"368","Andy Jones (NYG)","0","0","0","0","0","0","0","0","0","0","0","0","0","0","0.0%"
"369","Tommylee Lewis (MIA)","0","0","0","0","0","0","0","0","0","0","0","0","0","0","0.0%"
"370","Jake Lampman (NO)","0","0","0","0","0","0","0","0","0","0","0","0","0","0","0.0%"
"371","Marken Michel (WAS)","0","0","0","0","0","0","0","0","0","0","0","0","0","0","0.0%"
"372","Allen Hurns (MIA)","0","0","0","0","0","0","0","0","0","0","0","0","0","0","0.0%"
"373","Willie Snead IV (CAR)","0","0","0","0","0","0","0","0","0","0","0","0","0","0","0.1%"
"374","Adam Thielen (MIN)","0","0","0","0","0","0","0","0","0","0","0","0","0","0","97.2%"
"375","Bennie Fowler III (SF)","0","0","0","0","0","0","0","0","0","0","0","0","0","0","0.0%"
"376","Albert Wilson (MIA)","0","0","0","0","0","0","0","0","0","0","0","0","0","0","0.2%"
"377","Jake Kumerow (BUF)","0","0","0","0","0","0","0","0","0","0","0","1","0.0","0.0","0.1%"
"378","Ty Montgomery (NO)","0","0","0","0","0","0","0","0","0","0","0","0","0","0","0.6%"
"379","Justin Hardy (CHI)","0","0","0","0","0","0","0","0","0","0","0","0","0","0","0.0%"
"380","Nelson Agholor (NE)","0","0","0","0","0","0","0","0","0","0","0","0","0","0","15.0%"
"381","J.J. Nelson (IND)","0","0","0","0","0","0","0","0","0","0","0","0","0","0","0.0%"
"382","Diontae Spencer (DEN)","0","1","0","0","0","0","0","0","0","0","0","1","0.0","0.0","0.1%"
"383","Kevin White (NO)","0","0","0","0","0","0","0","0","0","0","0","0","0","0","0.0%"
"384","DeVante Parker (MIA)","0","0","0","0","0","0","0","0","0","0","0","0","0","0","48.1%"
""
""